CREATE DATABASE DENTALPRACTICE;
USE DENTALPRACTICE;

/*
---
--- Creating DB and assigning name to use.
---


---
---Create table PATIENT, and set PRIMARY KEY.
---
*/

CREATE TABLE PATIENT (
 PATIENT_NAME	     VARCHAR(50) NOT NULL,
 PHONE               VARCHAR(30) NOT NULL,
 OUTSTANDING_BALANCE FLOAT(8,2) NOT NULL,
 ADDRESS             CHAR(100) NOT NULL,
 LAST_VISIT_DATE     VARCHAR(25),
 DOB                 VARCHAR(25) NOT NULL,
 EMAIL               CHAR(50) NOT NULL,
PATIENT_REFERENCE_NUMBER INT(11) NOT NULL,
 PRIMARY KEY (PATIENT_REFERENCE_NUMBER));

/*
---
---Inserting name, number, outstanding balance, address, last visit ---date, dob, email, and patient reference number, data into the table.
---
*/

INSERT INTO PATIENT (PATIENT_NAME, PHONE, OUTSTANDING_BALANCE, ADDRESS, LAST_VISIT_DATE, DOB, EMAIL, PATIENT_REFERENCE_NUMBER) VALUES ('Aaron Talty', '0851234567', 0.00, '46 College Green Clonroadmore Ennis Co.Clare', '17-NOV-2021', '06-JULY-92', 'ATALTY@MAIL.COM', 1);

INSERT INTO PATIENT (PATIENT_NAME, PHONE, OUTSTANDING_BALANCE, ADDRESS, LAST_VISIT_DATE, DOB, EMAIL, PATIENT_REFERENCE_NUMBER) VALUES ('David Normoyle', '0861234567', 302.00, '46 College Grove Ennis Co.Clare', '16-JAN-2022', '16-JUNE-91', 'DNORMOYLE@MAIL.COM', 2);

INSERT INTO PATIENT (PATIENT_NAME, PHONE, OUTSTANDING_BALANCE, ADDRESS, LAST_VISIT_DATE, DOB, EMAIL, PATIENT_REFERENCE_NUMBER) VALUES ('Ross O Donoghue', '0871234567', 12.00, '11 Seapoint Barna Co.Galway', '13-OCTOBER-2017', '03-JUNE-2001', 'ROSSODONOGHUE@MAIL.COM', 3);

INSERT INTO PATIENT (PATIENT_NAME, PHONE, OUTSTANDING_BALANCE, ADDRESS, LAST_VISIT_DATE, DOB, EMAIL, PATIENT_REFERENCE_NUMBER) VALUES ('Sean O Donoghue', '0881234567', 0.00, '11 Seapoint Barna Co.Galway', '27-SEP-2021', '02-SEPTEMBER-89', 'SEANODONOGHUE@MAIL.COM', 4);

INSERT INTO PATIENT (PATIENT_NAME, PHONE, OUTSTANDING_BALANCE, ADDRESS, LAST_VISIT_DATE, DOB, EMAIL, PATIENT_REFERENCE_NUMBER) VALUES ('Fergus Daly', '0891234567', 0.00, '33 Courtville St.Michaels Street Tipperary Co.Tipperary', '01-APRIL-2020', '29-OCTOBER-77', 'FDALY@LIVE.COM', 5);

INSERT INTO PATIENT (PATIENT_NAME, PHONE, OUTSTANDING_BALANCE, ADDRESS, LAST_VISIT_DATE, DOB, EMAIL, PATIENT_REFERENCE_NUMBER) VALUES ('Winston McCall', '0857654321', 1012.00, '145 Cloon and Commons Castleconnell Co.Limerick', '15-MARCH-2022', '26-DECEMBER-69', 'WMCCALL@MAIL.COM', 6);

INSERT INTO PATIENT (PATIENT_NAME, PHONE, OUTSTANDING_BALANCE, ADDRESS, LAST_VISIT_DATE, DOB, EMAIL, PATIENT_REFERENCE_NUMBER) VALUES ('John Lyons', '0867654321', 0.00, '6 Cross Road Carraiginard Co.Waterford', NULL, '21-JULY-80', 'LYONSJ@MAIL.COM', 7);

INSERT INTO PATIENT (PATIENT_NAME, PHONE, OUTSTANDING_BALANCE, ADDRESS, LAST_VISIT_DATE, DOB, EMAIL, PATIENT_REFERENCE_NUMBER) VALUES ('Martin Benson', '0877654321', 0.00, '01 Martello Terrace Sandycove Co.Dublin', '31-MAY-2019', '06-MARCH-92', 'MARTINBENSON@LIVE.COM', 8);

INSERT INTO PATIENT (PATIENT_NAME, PHONE, OUTSTANDING_BALANCE, ADDRESS, LAST_VISIT_DATE, DOB, EMAIL, PATIENT_REFERENCE_NUMBER) VALUES ('Joanna Jedrzejczyk', '0887654321', 0.00, '10 The Quay New Ross Co.Wicklow', '07-DECEMBER-2021', '06-JANUARY-92', 'JOANNAJ@MAIL.COM', 9);

INSERT INTO PATIENT (PATIENT_NAME, PHONE, OUTSTANDING_BALANCE, ADDRESS, LAST_VISIT_DATE, DOB, EMAIL, PATIENT_REFERENCE_NUMBER) VALUES ('Sonia Tully', '0897654321', 0.00, '08 Military rd Buttevant Co.Cork', '29-NOV-2021', '26-OCTOBER-2008', 'SONIATULLY@MAIL.COM', 10);

INSERT INTO PATIENT (PATIENT_NAME, PHONE, OUTSTANDING_BALANCE, ADDRESS, LAST_VISIT_DATE, DOB, EMAIL, PATIENT_REFERENCE_NUMBER) VALUES ('Christine O Loughlin', '0852345678', 0.00,'06 Highfield Lawns Swords Co.Dublin', '19-DECEMBER-2021', '31-JULY-2004', 'CHRISTINEOLOUGHLIN@MAIL.COM', 11);

INSERT INTO PATIENT (PATIENT_NAME, PHONE, OUTSTANDING_BALANCE, ADDRESS, LAST_VISIT_DATE, DOB, EMAIL, PATIENT_REFERENCE_NUMBER) VALUES ('Síofra O Dwyer', '0862345678', 0.00, '46 Elm Court Long rd Co.Cork', '11-APRIL-2022', '12-MAY-84', 'SODWYER@MAIL.COM', 12);

INSERT INTO PATIENT (PATIENT_NAME, PHONE, OUTSTANDING_BALANCE, ADDRESS, LAST_VISIT_DATE, DOB, EMAIL, PATIENT_REFERENCE_NUMBER) VALUES ('Rhea Ripley', '0872345678', 200.00, 'Carrig Rua Upper Rochestown Co.Cork', '30-DECEMBER-2021', '03-FEBRUARY-73', 'RRIPLEY@MAIL.COM', 13);

INSERT INTO PATIENT (PATIENT_NAME, PHONE, OUTSTANDING_BALANCE, ADDRESS, LAST_VISIT_DATE, DOB, EMAIL, PATIENT_REFERENCE_NUMBER) VALUES ('Yan Xiaonan', '0882345678', 200.00, '06 Cluain Cregg Carrick-on-Suir Co.Tipperary', '21-MAY-2021', '29-DECEMBER-67', 'XIAONANYAN@MAIL.COM', 14);

/*
---
--- Creating the SPECIALIST table and assigning PRIMARY KEY.
---
*/

 CREATE TABLE SPECIALIST (
 SPECIALIST_REFERENCE_NUMBER INT(11) NOT NULL,
 SPECIALIST_NAME CHAR(50) NOT NULL,
 PRACTICE_LOCATION CHAR(50) NOT NULL,
 PRIMARY KEY (SPECIALIST_REFERENCE_NUMBER));
 
 /*
 ---
 ---Inserting specialist reference number, specialist name, and practice ---location data into table.
 ---
 */
 
 INSERT INTO SPECIALIST (SPECIALIST_REFERENCE_NUMBER, SPECIALIST_NAME, PRACTICE_LOCATION) VALUES (1,'Dr.Mary Mulcahy', 'Ennis Co.Clare' );
 
 INSERT INTO SPECIALIST (SPECIALIST_REFERENCE_NUMBER, SPECIALIST_NAME, PRACTICE_LOCATION) VALUES (2,'Dr.Ash Ketchum', 'Cork City, St.Patrick Street' );
 
 INSERT INTO SPECIALIST (SPECIALIST_REFERENCE_NUMBER, SPECIALIST_NAME, PRACTICE_LOCATION) VALUES (3,'Dr.Samuel Oak', 'Cork City, Grand Parade' );
 
 INSERT INTO SPECIALIST (SPECIALIST_REFERENCE_NUMBER, SPECIALIST_NAME, PRACTICE_LOCATION) VALUES (4,'Dr.Rahul Kohli', 'Cork City, Model Farm Road' );

/*
---
---Creating table TREATMENT and assigning TWO FOREIGN KEYS and one ---PRIMARY KEY. TWO FOREIGN KEYS were used as they are both PRIMARY KEYS
---in other tables.
---
*/

CREATE TABLE TREATMENT (

SPECIALIST_REFERENCE_NUMBER INT(11) NOT NULL,
FOREIGN KEY (SPECIALIST_REFERENCE_NUMBER) REFERENCES SPECIALIST(SPECIALIST_REFERENCE_NUMBER),
PATIENT_REFERENCE_NUMBER INT(11) NOT NULL,
FOREIGN KEY (PATIENT_REFERENCE_NUMBER) REFERENCES PATIENT(PATIENT_REFERENCE_NUMBER),
PRACTICE_LOCATION VARCHAR(25) NOT NULL,
TREATMENT_REFERENCE_NUMBER VARCHAR(25) NOT NULL,
PRIMARY KEY (TREATMENT_REFERENCE_NUMBER));

/*
---
---Inerting specialist reference number, practice location, treatment ---reference number, and patient reference number data into table.
---
*/

INSERT INTO TREATMENT (SPECIALIST_REFERENCE_NUMBER, PRACTICE_LOCATION, TREATMENT_REFERENCE_NUMBER, PATIENT_REFERENCE_NUMBER) VALUES (1,'ENNIS', 'T000001', 1 );

INSERT INTO TREATMENT (SPECIALIST_REFERENCE_NUMBER, PRACTICE_LOCATION, TREATMENT_REFERENCE_NUMBER, PATIENT_REFERENCE_NUMBER) VALUES (2,'CORK', 'T000002', 2 );

INSERT INTO TREATMENT (SPECIALIST_REFERENCE_NUMBER, PRACTICE_LOCATION, TREATMENT_REFERENCE_NUMBER, PATIENT_REFERENCE_NUMBER) VALUES (1,'ENNIS', 'T000003', 3 );

INSERT INTO TREATMENT (SPECIALIST_REFERENCE_NUMBER, PRACTICE_LOCATION, TREATMENT_REFERENCE_NUMBER, PATIENT_REFERENCE_NUMBER) VALUES (1, 'ENNIS', 'T000004', 4 );

INSERT INTO TREATMENT (SPECIALIST_REFERENCE_NUMBER, PRACTICE_LOCATION, TREATMENT_REFERENCE_NUMBER, PATIENT_REFERENCE_NUMBER) VALUES (3, 'CORK', 'T000005', 5 );

INSERT INTO TREATMENT (SPECIALIST_REFERENCE_NUMBER, PRACTICE_LOCATION, TREATMENT_REFERENCE_NUMBER, PATIENT_REFERENCE_NUMBER) VALUES (1, 'ENNIS', 'T000006', 6 );

INSERT INTO TREATMENT (SPECIALIST_REFERENCE_NUMBER, PRACTICE_LOCATION, TREATMENT_REFERENCE_NUMBER, PATIENT_REFERENCE_NUMBER) VALUES (1, 'ENNIS', 'T000007', 7 );

INSERT INTO TREATMENT (SPECIALIST_REFERENCE_NUMBER, PRACTICE_LOCATION, TREATMENT_REFERENCE_NUMBER, PATIENT_REFERENCE_NUMBER) VALUES (1, 'ENNIS', 'T000008', 8 );

INSERT INTO TREATMENT (SPECIALIST_REFERENCE_NUMBER, PRACTICE_LOCATION, TREATMENT_REFERENCE_NUMBER, PATIENT_REFERENCE_NUMBER) VALUES (4, 'CORK', 'T000009', 9 );

INSERT INTO TREATMENT (SPECIALIST_REFERENCE_NUMBER, PRACTICE_LOCATION, TREATMENT_REFERENCE_NUMBER, PATIENT_REFERENCE_NUMBER) VALUES (1, 'ENNIS', 'T000010', 10);

INSERT INTO TREATMENT (SPECIALIST_REFERENCE_NUMBER, PRACTICE_LOCATION, TREATMENT_REFERENCE_NUMBER, PATIENT_REFERENCE_NUMBER) VALUES (3, 'CORK', 'T000012', 12 );

INSERT INTO TREATMENT (SPECIALIST_REFERENCE_NUMBER, PRACTICE_LOCATION, TREATMENT_REFERENCE_NUMBER, PATIENT_REFERENCE_NUMBER) VALUES (1, 'ENNIS', 'T000013', 13 );

 /*
 ---
 ---Creating BILL table and assigning FOREIGN and PRIMARY KEYS.
 ---
 */
 
  CREATE TABLE BILL (
 BILL_REFERENCE_NUMBER INT(11) NOT NULL,
 TREATMENT_REFERENCE_NUMBER VARCHAR(25) NOT NULL,
 FOREIGN KEY (TREATMENT_REFERENCE_NUMBER) REFERENCES TREATMENT(TREATMENT_REFERENCE_NUMBER),
 BILLISSUEDATE VARCHAR(25) NOT NULL,
 LATE_CANCELLATION BIT(2) NOT NULL,
 PRICE FLOAT (8,2) NOT NULL,
 VAT FLOAT (8,2) NOT NULL,
 TOTAL_COST FLOAT(8,2) NOT NULL,
 PRIMARY KEY (BILL_REFERENCE_NUMBER));
 
 /*
 ---
 ---Inserting Bill reference number, treatment reference number, bill ---issue date, late cancellation, price, vat, and total cost data to ---table.
 ---
 */
 
 
 INSERT INTO BILL (BILL_REFERENCE_NUMBER, TREATMENT_REFERENCE_NUMBER, BILLISSUEDATE, LATE_CANCELLATION, PRICE, VAT, TOTAL_COST) VALUES (1, 'T000001', '23-APRIL-21', 0, 50.00, 12.00, 62.00);
 
 INSERT INTO BILL (BILL_REFERENCE_NUMBER, TREATMENT_REFERENCE_NUMBER, BILLISSUEDATE, LATE_CANCELLATION, PRICE, VAT, TOTAL_COST) VALUES (2, 'T000002', '12-FEBRUARY-22', 0, 590.00, 12.00, 602.00);
 
 INSERT INTO BILL (BILL_REFERENCE_NUMBER, TREATMENT_REFERENCE_NUMBER, BILLISSUEDATE, LATE_CANCELLATION, PRICE, VAT, TOTAL_COST) VALUES (3, 'T000003', '05-SEPTEMBER-21', 1, 500.00, 12.00, 512.00);
 
 INSERT INTO BILL (BILL_REFERENCE_NUMBER, TREATMENT_REFERENCE_NUMBER, BILLISSUEDATE, LATE_CANCELLATION, PRICE, VAT, TOTAL_COST) VALUES (4, 'T000004', '27-DECEMBER-21', 0, 80.00, 12.00, 92.00);
 
 INSERT INTO BILL (BILL_REFERENCE_NUMBER, TREATMENT_REFERENCE_NUMBER, BILLISSUEDATE, LATE_CANCELLATION, PRICE, VAT, TOTAL_COST) VALUES (5, 'T000005', '23-APRIL-21', 1, 110.00, 12.00, 122.00);
 
 INSERT INTO BILL (BILL_REFERENCE_NUMBER, TREATMENT_REFERENCE_NUMBER, BILLISSUEDATE, LATE_CANCELLATION, PRICE, VAT, TOTAL_COST) VALUES (6, 'T000006', '12-FEBRUARY-22', 0, 1500.00, 12.00, 1512.00);
 
 INSERT INTO BILL (BILL_REFERENCE_NUMBER, TREATMENT_REFERENCE_NUMBER, BILLISSUEDATE, LATE_CANCELLATION, PRICE, VAT, TOTAL_COST) VALUES (7, 'T000007', '05-SEPTEMBER-21', 0, 200.00, 12.00, 212.00);
 
 INSERT INTO BILL (BILL_REFERENCE_NUMBER, TREATMENT_REFERENCE_NUMBER, BILLISSUEDATE, LATE_CANCELLATION, PRICE, VAT, TOTAL_COST) VALUES (8, 'T000008', '27-DECEMBER-21', 1, 50.00, 12.00, 62.00);

 INSERT INTO BILL (BILL_REFERENCE_NUMBER, TREATMENT_REFERENCE_NUMBER, BILLISSUEDATE, LATE_CANCELLATION, PRICE, VAT, TOTAL_COST) VALUES (9, 'T000009', '23-APRIL-21', 0, 160.00, 12.00, 172.00);
 
 INSERT INTO BILL (BILL_REFERENCE_NUMBER, TREATMENT_REFERENCE_NUMBER, BILLISSUEDATE, LATE_CANCELLATION, PRICE, VAT, TOTAL_COST) VALUES (10, 'T000010', '12-FEBRUARY-22', 0, 150.00, 12.00, 162.00);
 
 INSERT INTO BILL (BILL_REFERENCE_NUMBER, TREATMENT_REFERENCE_NUMBER, BILLISSUEDATE, LATE_CANCELLATION, PRICE, VAT, TOTAL_COST) VALUES (13, 'T000012', '05-SEPTEMBER-21', 1, 350.00, 12.00, 362.00);
 
 INSERT INTO BILL (BILL_REFERENCE_NUMBER, TREATMENT_REFERENCE_NUMBER, BILLISSUEDATE, LATE_CANCELLATION, PRICE, VAT, TOTAL_COST) VALUES (14, 'T000013', '27-DECEMBER-21', 0, 550.00, 12.00, 562.00); 
 
 /*
 ---
 ---Creating PAYMENT table and assigning FOREIGN and PRIMARY KEYS.
 ---
 */
 
 
 CREATE TABLE PAYMENT (
 BILL_REFERENCE_NUMBER INT(11) NOT NULL,
 FOREIGN KEY (BILL_REFERENCE_NUMBER) REFERENCES BILL(BILL_REFERENCE_NUMBER),
 TOTAL_COST FLOAT(8,2) NOT NULL,
 PAYDATE                 VARCHAR(25),
 PAYKEY VARCHAR(25) NOT NULL,
 AMOUNT_PAID FLOAT(8,2) NOT NULL,
 PRIMARY KEY (PAYKEY));
 
 /*
 ---
 ---Inserting Total cost, paydate, paykey, amount paid, and bill ---reference number data to table.
 ---
 */
 
 INSERT INTO PAYMENT (TOTAL_COST, PAYDATE, PAYKEY, AMOUNT_PAID, BILL_REFERENCE_NUMBER) VALUES (62.00, '17-NOVEMBER-21', 'P000001', 62.00, 1);
 
 INSERT INTO PAYMENT (TOTAL_COST, PAYDATE, PAYKEY, AMOUNT_PAID, BILL_REFERENCE_NUMBER) VALUES (602.00, '16-JANUARY-22', 'P000002', 300.00, 2);
 
 INSERT INTO PAYMENT (TOTAL_COST, PAYDATE, PAYKEY, AMOUNT_PAID, BILL_REFERENCE_NUMBER) VALUES (512.00, '19-AUGUST-22', 'P000003', 500.00, 3);
 
 INSERT INTO PAYMENT (TOTAL_COST, PAYDATE, PAYKEY, AMOUNT_PAID, BILL_REFERENCE_NUMBER) VALUES (92.00, '30-SEPTEMBER-21', 'P000004', 92.00, 4);
 
 INSERT INTO PAYMENT (TOTAL_COST, PAYDATE, PAYKEY, AMOUNT_PAID, BILL_REFERENCE_NUMBER) VALUES (122.00, '11-MARCH-22', 'P000005', 122.00, 5);
 
 INSERT INTO PAYMENT (TOTAL_COST, PAYDATE, PAYKEY, AMOUNT_PAID, BILL_REFERENCE_NUMBER) VALUES (1512.00, '19-MARCH-22', 'P000006', 500.00, 6);
 
 INSERT INTO PAYMENT (TOTAL_COST, PAYDATE, PAYKEY, AMOUNT_PAID, BILL_REFERENCE_NUMBER) VALUES (212.00, '23-DECEMBER-22', 'P000007', 212.00, 7);
 
 INSERT INTO PAYMENT (TOTAL_COST, PAYDATE, PAYKEY, AMOUNT_PAID, BILL_REFERENCE_NUMBER) VALUES (62.00, '28-APRIL-22', 'P000008', 62.00, 8);
 
 INSERT INTO PAYMENT (TOTAL_COST, PAYDATE, PAYKEY, AMOUNT_PAID, BILL_REFERENCE_NUMBER) VALUES (172.00, '30-APRIL-22', 'P000009', 172.00, 9);
 
 INSERT INTO PAYMENT (TOTAL_COST, PAYDATE, PAYKEY, AMOUNT_PAID, BILL_REFERENCE_NUMBER) VALUES (162.00, '01-MAY-22', 'P000010',  162.00, 10);
 
 INSERT INTO PAYMENT (TOTAL_COST, PAYDATE, PAYKEY, AMOUNT_PAID, BILL_REFERENCE_NUMBER) VALUES (362.00, '15-JUNE-22', 'P000013',  162.00, 13);
  
 INSERT INTO PAYMENT (TOTAL_COST, PAYDATE, PAYKEY, AMOUNT_PAID, BILL_REFERENCE_NUMBER) VALUES (562.00, '19-AUGUST-22', 'P000014',  362.00, 14);
 
 /*
 ---
 ---Creating APPOINTMENT table and assigning TWO FOREIGN KEYS and the ---PRIMARY KEY. TWO FOREIGN KEYS are used as they are both primary keys ---in other tables.
 ---
 */
 
   CREATE TABLE APPOINTMENT (
 APPOINTMENT_REFERENCE_NUMBER INT(11) NOT NULL,
 PATIENT_REFERENCE_NUMBER INT(11) NOT NULL,
 FOREIGN KEY (PATIENT_REFERENCE_NUMBER) REFERENCES PATIENT(PATIENT_REFERENCE_NUMBER),
 SPECIALIST_REFERENCE_NUMBER INT(11) NOT NULL,
 FOREIGN KEY (SPECIALIST_REFERENCE_NUMBER) REFERENCES SPECIALIST(SPECIALIST_REFERENCE_NUMBER),
 APPOINTMENT_DATE VARCHAR(25) NOT NULL,
 APPOINTMENT_TIME VARCHAR(5) NOT NULL,
 PRACTICE_LOCATION CHAR(20) NOT NULL,
 DESCRIPTION CHAR(220),
 PRIMARY KEY (APPOINTMENT_REFERENCE_NUMBER));
 
 
 /*
 ---
 ---Inserting appointment reference number, patient reference number, specialist reference number, appointment date, appointment time, practice location, and description data to table.
 ---
 */
 
 
 INSERT INTO APPOINTMENT ( APPOINTMENT_REFERENCE_NUMBER, PATIENT_REFERENCE_NUMBER, SPECIALIST_REFERENCE_NUMBER, APPOINTMENT_DATE, APPOINTMENT_TIME, PRACTICE_LOCATION, DESCRIPTION) VALUES (1, 1, 1, '28-APRIL-22', '15:00', 'ENNIS', 'Standard checkup');
 
 INSERT INTO APPOINTMENT ( APPOINTMENT_REFERENCE_NUMBER, PATIENT_REFERENCE_NUMBER, SPECIALIST_REFERENCE_NUMBER, APPOINTMENT_DATE, APPOINTMENT_TIME, PRACTICE_LOCATION, DESCRIPTION) VALUES (2, 2, 2, '30-JUNE-22', '09:00', 'CORK', 'Route canal operation');
 
 INSERT INTO APPOINTMENT ( APPOINTMENT_REFERENCE_NUMBER, PATIENT_REFERENCE_NUMBER, SPECIALIST_REFERENCE_NUMBER, APPOINTMENT_DATE, APPOINTMENT_TIME, PRACTICE_LOCATION, DESCRIPTION) VALUES (3, 3, 1, '05-AUGUST-22', '11:15', 'ENNIS', 'Teeth cleaning');
 
 INSERT INTO APPOINTMENT ( APPOINTMENT_REFERENCE_NUMBER, PATIENT_REFERENCE_NUMBER, SPECIALIST_REFERENCE_NUMBER, APPOINTMENT_DATE, APPOINTMENT_TIME, PRACTICE_LOCATION, DESCRIPTION) VALUES (4, 4, 1, '19-JULY-22', '10:00', 'ENNIS', 'Single tooth filling');
 
 INSERT INTO APPOINTMENT ( APPOINTMENT_REFERENCE_NUMBER, PATIENT_REFERENCE_NUMBER, SPECIALIST_REFERENCE_NUMBER, APPOINTMENT_DATE, APPOINTMENT_TIME, PRACTICE_LOCATION, DESCRIPTION) VALUES (5, 5, 3, '29-OCTOBER-22', '13:45', 'CORK', 'Broken tooth requires crown');
 
 INSERT INTO APPOINTMENT ( APPOINTMENT_REFERENCE_NUMBER, PATIENT_REFERENCE_NUMBER, SPECIALIST_REFERENCE_NUMBER, APPOINTMENT_DATE, APPOINTMENT_TIME, PRACTICE_LOCATION, DESCRIPTION) VALUES (6, 6, 1, '13-NOVEMBER-22', '14:10', 'ENNIS', 'Pre molar extraction, left side');
 
 INSERT INTO APPOINTMENT ( APPOINTMENT_REFERENCE_NUMBER, PATIENT_REFERENCE_NUMBER, SPECIALIST_REFERENCE_NUMBER, APPOINTMENT_DATE, APPOINTMENT_TIME, PRACTICE_LOCATION, DESCRIPTION) VALUES (7, 7, 1, '30-APRIL-22', '15:15', 'ENNIS', 'Standard checkup');
 
 INSERT INTO APPOINTMENT ( APPOINTMENT_REFERENCE_NUMBER, PATIENT_REFERENCE_NUMBER, SPECIALIST_REFERENCE_NUMBER, APPOINTMENT_DATE, APPOINTMENT_TIME, PRACTICE_LOCATION, DESCRIPTION) VALUES (8, 8, 1, '23-MAY-22', '12:00', 'ENNIS', 'Two fillings needed');
 
 INSERT INTO APPOINTMENT ( APPOINTMENT_REFERENCE_NUMBER, PATIENT_REFERENCE_NUMBER, SPECIALIST_REFERENCE_NUMBER, APPOINTMENT_DATE, APPOINTMENT_TIME, PRACTICE_LOCATION, DESCRIPTION) VALUES (9, 9, 4, '01-JUNE-22', '12:30', 'CORK', 'Specialist consultation');
 
 INSERT INTO APPOINTMENT ( APPOINTMENT_REFERENCE_NUMBER, PATIENT_REFERENCE_NUMBER, SPECIALIST_REFERENCE_NUMBER, APPOINTMENT_DATE, APPOINTMENT_TIME, PRACTICE_LOCATION, DESCRIPTION) VALUES (10, 10, 1, '17-OCTOBER-22', '16:00', 'ENNIS', 'Chipped tooth requires cap');
 
 INSERT INTO APPOINTMENT ( APPOINTMENT_REFERENCE_NUMBER, PATIENT_REFERENCE_NUMBER, SPECIALIST_REFERENCE_NUMBER, APPOINTMENT_DATE, APPOINTMENT_TIME, PRACTICE_LOCATION, DESCRIPTION) VALUES (11, 12, 3, '31-JULY-22', '13:00', 'CORK', 'Wisdom teeth extraction, left top and bottom');
 
 INSERT INTO APPOINTMENT ( APPOINTMENT_REFERENCE_NUMBER, PATIENT_REFERENCE_NUMBER, SPECIALIST_REFERENCE_NUMBER, APPOINTMENT_DATE, APPOINTMENT_TIME, PRACTICE_LOCATION, DESCRIPTION) VALUES (12, 13, 1, '11-SEPTEMBER-22', '09:30', 'ENNIS', 'Standard checkup');
 
 /*
 ---
 ---End.
 ---
 */